source,page,system,measure_n,local_n,symbol,correction_type,correct,status,rule,match_method,beat_pipeline,beat_human,beat_delta,ratio_pipeline,ratio_delta,protocol_syllable,human_syllable,protocol_cx,protocol_syllable_cx,human_cx_display,human_syllable_cx,nota_anchor
pipeline,0,2,1,1,Cm,unvalidated,,unvalidated,T90.3_PAUSA,,3,,,0.516,,,,101.8,,,,Œ@100
pipeline,0,2,2,2,Ab,unvalidated,,unvalidated,VAZIO,,3,,,0.579,,,,190.2,,,,œ@190
pipeline,0,2,4,5,Fm,unvalidated,False,unvalidated,VAZIO,near_measure_ratio,1,0,0.0,0.015,0.015,,,278.7,,0,,œ@278
pipeline,0,2,7,9,G,unvalidated,False,unvalidated,VAZIO,near_measure_ratio,1,0,0.0,0.159,0.159,,,375.4,,0,,œ@375
pipeline,0,2,11,13,Cm,melisma_undetected,False,corrected,T90.2_MELISMA,near_measure_ratio,1,0,0.0,0.241,0.241,,in-,473.8,,0,0,œ@492
pipeline,0,3,12,1,Ab,unvalidated,,unvalidated,T90,,4,,,0.816,,in,,95.9,95.6,,,œ@170
pipeline,0,3,13,2,Fm,unvalidated,,unvalidated,T90,,4,,,0.819,,daqui,,199.0,229.8,,,œ@236
pipeline,0,3,16,5,G,unvalidated,,unvalidated,T90,,4,,,0.888,,fa,,311.8,307.3,,,œ@311
pipeline,0,4,20,1,Cm,unvalidated,,unvalidated,T90,,2,,,0.491,,in,,95.9,95.6,,,˙@95
pipeline,0,4,22,3,Fm,wrong_syllable,False,corrected,T90,near_measure_ratio,1,0,0.0,0.222,0.222,tre-mer,sim,208.6,224.7,0,0,œ@223
pipeline,0,4,23,4,Bb,wrong_syllable,False,corrected,T90,near_measure_ratio,2,0,1.0,0.26,0.26,tre-mer,com,327.8,353.4,0,0.125,œ@345
pipeline,0,5,26,1,Ab,unvalidated,,unvalidated,T90,,3,,,0.678,,ea,,95.9,112.1,,,œ@113
pipeline,0,5,28,3,Fm,unvalidated,,unvalidated,T90,,2,,,0.425,,es,,200.1,221.3,,,œ@216
pipeline,0,5,34,11,G,wrong_syllable,False,corrected,T90,n_sym_ratio,1,0,0.0,0.092,0.092,de-se-ja-do,rei,405.0,425.0,0,0,œ@405
pipeline,0,6,36,1,Cm,correct,True,correct,T90,seq_align,2,0,1.0,0.303,0.303,"""E","""E",95.9,93.4,0,0,œ@96
pipeline,0,6,36,1,C,wrong_syllable,False,corrected,T90,n_sym_ratio,3,4,0.0,0.701,0.20099999999999996,as-sim,rei,154.4,198.1,0.5,0.5,œ@155
pipeline,0,6,37,2,Fm,wrong_syllable,False,corrected,T90,n_sym_ratio,1,0,0.0,0.101,0.101,es,sim,209.5,221.3,0,0,œ@207
pipeline,0,6,39,4,Bb,correct,True,correct,T90,near_measure_ratio,1,0,0.0,0.241,0.241,com,com,323.2,336.5,0,0.125,œ@337
pipeline,0,6,39,4,Bb7,wrong_syllable,False,corrected,T90,near_measure_loose,4,4,1.0,0.862,0.362,gló-ria,gló-,386.3,393.2,0.5,0.5,œ@387
pipeline,0,6,41,6,Eb,unvalidated,,unvalidated,T90,,2,,,0.459,,es,,450.3,464.9,,,œ@451
pipeline,0,8,47,1,Ab,unvalidated,,unvalidated,T90,,2,,,0.469,,diz,,95.9,111.5,,,œ@112
pipeline,0,8,48,2,Fm,unvalidated,,unvalidated,T90,,3,,,0.65,,xér,,237.5,240.6,,,œ@238
pipeline,0,8,49,3,G7,unvalidated,,unvalidated,T90,,4,,,0.969,,diz,,356.0,362.1,,,œ@363
pipeline,0,8,51,5,G,unvalidated,,unvalidated,VAZIO,,1,,,0.071,,,,467.4,,,,˙@470
pipeline,1,9,52,1,Cm,wrong_syllable,False,corrected,V90,near_measure_ratio,1,0,0.0,0.21117025131069514,0.21117025131069514,fim,sus.,95.9,95.7,0,0,
pipeline,1,9,52,1,Fm,unvalidated,,unvalidated,V90,,4,,,0.7743456857663499,,gló-ria,,213.5,208.3,,,
pipeline,1,9,53,2,Bb,unvalidated,,unvalidated,V90,,2,,,0.352590619732951,,sim,,331.1,330.9,,,
pipeline,1,9,53,2,Eb,unvalidated,,unvalidated,V90,,4,,,0.8634114449956919,,"""ea",,433.2,444.8,,,
pipeline,1,10,55,1,Cm,unvalidated,,unvalidated,V90,,4,,,0.9693877034974858,,fim,,95.9,95.7,,,
pipeline,1,10,57,3,Fm,unvalidated,,unvalidated,V90,,2,,,0.2547173635327363,,gló-ria,,213.5,208.3,,,
pipeline,1,10,58,4,Bb,unvalidated,,unvalidated,V90,,1,,,0.24042636114515462,,ci,,331.1,327.6,,,
pipeline,1,10,59,5,Eb,wrong_syllable,False,corrected,V90,seq_align,1,0,0.0,0.08788950959203985,0.08788950959203985,-,rei,433.2,446.2,0,0,
pipeline,1,11,60,1,Ab,unvalidated,,unvalidated,VAZIO,,4,,,0.869,,,,95.9,,,,œ@96
pipeline,1,11,63,4,Fm,wrong_syllable,False,corrected,T90,seq_align,1,0,0.0,0.157,0.157,dos,xér-,201.4,240.4,0,0,œ@202
pipeline,1,11,64,5,G,wrong_syllable,False,corrected,T90,seq_ratio,1,0,0.0,0.05,0.05,-,_,406.6,306.0,0,0,œ@308
pipeline,1,12,66,1,G7,unvalidated,,unvalidated,VAZIO,,2,,,0.419,,,,110.3,,,,œ@117
pipeline,1,12,68,3,Cm,unvalidated,,unvalidated,VAZIO,,2,,,0.294,,,,278.7,,,,œ@279
pipeline,1,12,69,4,C,unvalidated,,unvalidated,VAZIO,,3,,,0.506,,,,348.6,,,,˙@349
pipeline,1,12,70,5,Fm,unvalidated,,unvalidated,VAZIO,,1,,,0.127,,,,413.3,,,,œ@404
pipeline,1,14,85,1,Bb,unvalidated,,unvalidated,T90,,2,,,0.254,,rei),,95.9,99.6,,,œ@107
pipeline,1,14,85,1,Bb7,melisma_undetected,False,corrected,T90.2_MELISMA,seq_align,2,4,1.0,0.479,0.02100000000000002,rei),gló-,155.3,99.6,0.5,0.5,œ@156
pipeline,1,14,85,1,Eb,unvalidated,,unvalidated,T90.2_MELISMA,,4,,,0.764,,rei),,217.3,99.6,,,œ@218
pipeline,1,14,86,2,Ab,unvalidated,,unvalidated,T90,,2,,,0.393,,"gar),",,306.9,309.6,,,œ@318
pipeline,1,14,87,3,Fm,wrong_syllable,False,corrected,T90,seq_align,1,0,0.0,0.232,0.232,diz,xér-,409.6,434.1,0,0,œ@410
pipeline,1,14,88,4,G7,unvalidated,,unvalidated,T90,,4,,,0.837,,"nhor.""",,483.8,488.3,,,œ@491
pipeline,1,16,100,3,Cm,unvalidated,,unvalidated,VAZIO,,1,,,0.05,,,,192.9,,,,w@194
pipeline,1,16,103,6,Ab,unvalidated,,unvalidated,VAZIO,,3,,,0.564,,,,312.2,,,,œ@312
pipeline,1,16,107,11,Fm,unvalidated,,unvalidated,VAZIO,,2,,,0.326374468138128,,,,431.5,,,,
pipeline,1,17,109,1,G,unvalidated,,unvalidated,VAZIO,,2,,,0.2899014340736898,,,,95.8,,,,
pipeline,1,17,114,6,Cm,unvalidated,,unvalidated,VAZIO,,4,,,0.8026776096120274,,,,470.3,,,,
missing_human,,,1,,Cm,missing_chord,False,corrected,,,,0,,,,,,,,0,,
missing_human,,,2,,Ab,missing_chord,False,corrected,,,,0,,,,,,,,0,,
missing_human,,,4,,G,missing_chord,False,corrected,,,,0,,,,,,,,0,,
missing_human,,,5,,Cm,missing_chord,False,corrected,,,,0,,,,,,,,0,,
missing_human,,,6,,Ab,missing_chord,False,corrected,,,,0,,,,,,,,0,,
missing_human,,,7,,Fm,missing_chord,False,corrected,,,,0,,,,,,,,0,,
missing_human,,,9,,G,missing_chord,False,corrected,,,,0,,,,,"""A-",,,0,0.875,
missing_human,,,11,,Fm,missing_chord,False,corrected,,,,0,,,,,da-,,,0,0.125,
missing_human,,,12,,Bb,missing_chord,False,corrected,,,,0,,,,,rei,,,0,0,
missing_human,,,13,,Eb,missing_chord,False,corrected,,,,0,,,,,e,,,0,0.125,
missing_human,,,14,,Ab,missing_chord,False,corrected,,,,0,,,,,mar,,,0,0,
missing_human,,,15,,Fm,missing_chord,False,corrected,,,,0,,,,,rei,,,0,0,
missing_human,,,16,,Fm,missing_chord,False,corrected,,,,0,,,,,e,,,0,0,
missing_human,,,17,,G,missing_chord,False,corrected,,,,0,,,,,de-,,,0,0,
missing_human,,,18,,G,missing_chord,False,corrected,,,,0,,,,,,,,0,,
missing_human,,,19,,C,missing_chord,False,corrected,,,,4,,,,,rei,,,0.5,0.5,
missing_human,,,21,,Bb7,missing_chord,False,corrected,,,,4,,,,,gló-,,,0.5,0.5,
missing_human,,,22,,Eb,missing_chord,False,corrected,,,,0,,,,,rei,,,0,0,
missing_human,,,23,,Ab,missing_chord,False,corrected,,,,0,,,,,diz,,,0,0.125,
missing_human,,,24,,Fm,missing_chord,False,corrected,,,,0,,,,,xér-,,,0,0,
missing_human,,,25,,G7,missing_chord,False,corrected,,,,0,,,,,diz,,,0,0.125,
missing_human,,,26,,G,missing_chord,False,corrected,,,,0,,,,,,,,0,,
missing_human,,,27,,Cm,missing_chord,False,corrected,,,,0,,,,,"""Mi-",,,0,0,
missing_human,,,28,,Fm,missing_chord,False,corrected,,,,0,,,,,e,,,0,0.125,
missing_human,,,29,,Bb,missing_chord,False,corrected,,,,0,,,,,sim,,,0,0,
missing_human,,,30,,Eb,missing_chord,False,corrected,,,,0,,,,,"""e a ",,,0,0.125,
missing_human,,,31,,Ab,missing_chord,False,corrected,,,,0,,,,,fim,,,0,0,
missing_human,,,32,,Fm,missing_chord,False,corrected,,,,0,,,,,gló-,,,0,0,
missing_human,,,33,,Fm,missing_chord,False,corrected,,,,0,,,,,e,,,0,0,
missing_human,,,36,,Cm,missing_chord,False,corrected,,,,0,,,,,"""E",,,0,0,
missing_human,,,40,,Ab,missing_chord,False,corrected,,,,0,,,,,diz,,,0,0.125,
missing_human,,,42,,G7,missing_chord,False,corrected,,,,0,,,,,diz,,,0,0.125,
missing_human,,,43,,Cm,missing_chord,False,corrected,,,,0,,,,,xér-,,,0,0,
missing_human,,,43,,C,missing_chord,False,corrected,,,,4,,,,,tos,,,0.5,0.5,
missing_human,,,44,,Fm,missing_chord,False,corrected,,,,0,,,,,sim,,,0,0,
missing_human,,,45,,Bb,missing_chord,False,corrected,,,,0,,,,,com,,,0,0.125,
missing_human,,,46,,Eb,missing_chord,False,corrected,,,,0,,,,,rei,,,0,0,
missing_human,,,47,,Ab,missing_chord,False,corrected,,,,0,,,,,diz,,,0,0.125,
missing_human,,,49,,G7,missing_chord,False,corrected,,,,0,,,,,diz,,,0,0.125,
missing_human,,,50,,G7,missing_chord,False,corrected,,,,0,,,,,_,,,0,0,
missing_human,,,52,,Ab,missing_chord,False,corrected,,,,0,,,,,,,,0,,
missing_human,,,53,,Fm,missing_chord,False,corrected,,,,0,,,,,,,,0,,
missing_human,,,54,,G,missing_chord,False,corrected,,,,0,,,,,,,,0,,
missing_human,,,55,,G,missing_chord,False,corrected,,,,0,,,,,,,,0,,
missing_human,,,56,,Cm,missing_chord,False,corrected,,,,0,,,,,,,,0,,
